13;'Canal Caracol';'Provide a name';'Provide a description';1;2012-02-22;15:13:17;2012-02-22;15:13:18
11;'Canal RCN';'Provide a name';'Provide a description';1;2012-02-22;15:13:17;2012-02-22;15:13:18
12;blah;'Provide a name';'Provide a description';1;2012-02-22;15:13:17;2012-02-22;15:13:18
14;'Canal Caracol';'Provide a name';'Provide a description';1;2012-02-22;15:13:17;2012-02-22;15:13:18
15;'Canal RCN';'Provide a name';'Provide a description';1;2012-02-22;15:13:17;2012-02-22;15:13:18
16;'Canal RCN';'Provide a name';'Provide a description';1;2012-02-22;15:13:17;2012-02-22;15:13:18
17;;'Provide a name';'Provide a description';1;2012-02-22;15:13:17;2012-02-22;15:13:18
18;blah;'Provide a name';'Provide a description';1;2012-02-22;15:13:17;2012-02-22;15:13:18
19;'Canal RCN';'Provide a name';'Provide a description';1;2012-02-22;15:13:17;2012-02-22;15:13:18
20;'Canal RCN';'Provide a name';'Provide a description';1;2012-02-22;15:13:17;2012-02-22;15:13:18
21;'Canal RCN';'Provide a name';'Provide a description';1;2012-02-22;15:13:17;2012-02-22;15:13:18
22;'Canal RCN';'Provide a name';'Provide a description';1;2012-02-22;15:13:17;2012-02-22;15:13:18
26;'Canal RCN';'Provide a name';'Provide a description';1;2012-02-22;15:13:17;2012-02-22;15:13:18
27;'Canal RCN';'Provide a name';'Provide a description';1;2012-02-22;15:13:17;2012-02-22;15:13:18
28;'Canal RCN';'Provide a name';'Provide a description';1;2012-02-22;15:13:17;2012-02-22;15:13:18
29;'Canal RCN';'Provide a name';'Provide a description';1;2012-02-22;15:13:17;2012-02-22;15:13:18
30;'Canal RCN';'Provide a name';'Provide a description';1;2012-02-22;15:13:17;2012-02-22;15:13:18
31;'Canal RCN';'Provide a name';'Provide a description';1;2012-02-22;15:13:17;2012-02-22;15:13:18
32;'Canal RCN';'Provide a name';'Provide a description';1;2012-02-22;15:13:17;2012-02-22;15:13:18
33;'Canal RCN';'Provide a name';'Provide a description';1;2012-02-22;15:13:17;2012-02-22;15:13:18
34;'Canal RCN';'Provide a name';'Provide a description';1;2012-02-22;15:13:17;2012-02-22;15:13:18
35;'Canal RCN';'Provide a name';'Provide a description';1;2012-02-22;15:13:17;2012-02-22;15:13:18
36;'Canal RCN';'Provide a name';'Provide a description';1;2012-02-22;15:13:17;2012-02-22;15:13:18
37;'Canal RCN';'Provide a name';'Provide a description';1;2012-02-22;15:13:17;2012-02-22;15:13:18
38;'Canal RCN';'Provide a name';'Provide a description';1;2012-02-22;15:13:17;2012-02-22;15:13:18
39;'Canal RCN';'Provide a name';'Provide a description';1;2012-02-22;15:13:17;2012-02-22;15:13:18
40;'Canal RCN';'Provide a name';'Provide a description';1;2012-02-22;15:13:17;2012-02-22;15:13:18
41;'Canal RCN';'Provide a name';'Provide a description';1;2012-02-22;15:13:17;2012-02-22;15:13:18
42;'Canal RCN';'Provide a name';'Provide a description';1;2012-02-22;15:13:17;2012-02-22;15:13:18
43;'Canal RCN';'Provide a name';'Provide a description';1;2012-02-22;15:13:17;2012-02-22;15:13:18
44;'Canal RCN';'Provide a name';'Provide a description';1;2012-02-22;15:13:17;2012-02-22;15:13:18
45;'Canal RCN';'Provide a name';'Provide a description';1;2012-02-22;15:13:17;2012-02-22;15:13:18
46;'Canal RCN';'Provide a name';'Provide a description';1;2012-02-22;15:13:17;2012-02-22;15:13:18
47;'Canal RCN';'Provide a name';'Provide a description';1;2012-02-22;15:13:17;2012-02-22;15:13:18
48;'Canal RCN';'Provide a name';'Provide a description';1;2012-02-22;15:13:17;2012-02-22;15:13:18
49;'Canal RCN';'Provide a name';'Provide a description';1;2012-02-22;15:13:17;2012-02-22;15:13:18
50;'Canal RCN';'Provide a name';'Provide a description';1;2012-02-22;15:13:17;2012-02-22;15:13:18
51;'Canal RCN';'Provide a name';'Provide a description';1;2012-02-22;15:13:17;2012-02-22;15:13:18
52;'Canal RCN';'Provide a name';'Provide a description';1;2012-02-22;15:13:17;2012-02-22;15:13:18
53;'Canal RCN';'Provide a name';'Provide a description';1;2012-02-22;15:13:17;2012-02-22;15:13:18
54;'Canal RCN';'Provide a name';'Provide a description';1;2012-02-22;15:13:17;2012-02-22;15:13:18
55;'Canal RCN';'Provide a name';'Provide a description';1;2012-02-22;15:13:17;2012-02-22;15:13:18
56;'Canal RCN';'Provide a name';'Provide a description';1;2012-02-22;15:13:17;2012-02-22;15:13:18
57;'Canal RCN';'Provide a name';'Provide a description';1;2012-02-22;15:13:17;2012-02-22;15:13:18
58;'Canal RCN';'Provide a name';'Provide a description';1;2012-02-22;15:13:17;2012-02-22;15:13:18
59;'Canal RCN';'Provide a name';'Provide a description';1;2012-02-22;15:13:17;2012-02-22;15:13:18
60;'Canal RCN';'Provide a name';'Provide a description';1;2012-02-22;15:13:17;2012-02-22;15:13:18
61;'Canal RCN';'Provide a name';'Provide a description';1;2012-02-22;15:13:17;2012-02-22;15:13:18
62;'Canal RCN';'Provide a name';'Provide a description';1;2012-02-22;15:13:17;2012-02-22;15:13:18
63;'Canal RCN';'Provide a name';'Provide a description';1;2012-02-22;15:13:17;2012-02-22;15:13:18
64;'Canal RCN';'Provide a name';'Provide a description';1;2012-02-22;15:13:17;2012-02-22;15:13:18
65;'Canal RCN';'Provide a name';'Provide a description';1;2012-02-22;15:13:17;2012-02-22;15:13:18
66;'Canal RCN';'Provide a name';'Provide a description';1;2012-02-22;15:13:17;2012-02-22;15:13:18
67;'Canal RCN';'Provide a name';'Provide a description';1;2012-02-22;15:13:17;2012-02-22;15:13:18
68;'Canal RCN';'Provide a name';'Provide a description';1;2012-02-22;15:13:17;2012-02-22;15:13:18
69;'Canal RCN';'Provide a name';'Provide a description';1;2012-02-22;15:13:17;2012-02-22;15:13:18
70;'Canal RCN';'Provide a name';'Provide a description';1;2012-02-22;15:13:17;2012-02-22;15:13:18
71;'Canal RCN';'Provide a name';'Provide a description';1;2012-02-22;15:13:17;2012-02-22;15:13:18
72;'Canal RCN';'Provide a name';'Provide a description';1;2012-02-22;15:13:17;2012-02-22;15:13:18
73;'Canal RCN';'Provide a name';'Provide a description';1;2012-02-22;15:13:17;2012-02-22;15:13:18
74;'Canal RCN';'Provide a name';'Provide a description';1;2012-02-22;15:13:17;2012-02-22;15:13:18
75;'Canal RCN';'Provide a name';'Provide a description';1;2012-02-22;15:13:17;2012-02-22;15:13:18
76;'Canal RCN';'Provide a name';'Provide a description';1;2012-02-22;15:13:17;2012-02-22;15:13:18
77;'Canal RCN';'Provide a name';'Provide a description';1;2012-02-22;15:13:17;2012-02-22;15:13:18
78;'Canal RCN';'Provide a name';'Provide a description';1;2012-02-22;15:13:17;2012-02-22;15:13:18
79;'Canal RCN';'Provide a name';'Provide a description';1;2012-02-22;15:13:17;2012-02-22;15:13:18
80;'Canal RCN';'Provide a name';'Provide a description';1;2012-02-22;15:13:17;2012-02-22;15:13:18
81;'Canal RCN';'Provide a name';'Provide a description';1;2012-02-22;15:13:17;2012-02-22;15:13:18
82;'Canal RCN';'Provide a name';'Provide a description';1;2012-02-22;15:13:17;2012-02-22;15:13:18
84;'Canal RCN';'Provide a name';'Provide a description';1;2012-02-22;15:13:17;2012-02-22;15:13:18
85;Andres;'Provide a name';'Provide a description';1;2012-02-22;15:13:17;2012-02-22;15:13:18
88;'Cosme Fulanito';'Provide a name';'Provide a description';1;2012-02-22;15:13:17;2012-02-22;15:13:18
